[
    {
        "type": "extension",
        "frameworkVersion": "1.0.0",
        "version": "0.0.1",
        "guid": "{cde5c3df-fa71-4665-9ae3-956e320eaaa5}",
        "author": "redky",
        "title": {
            "_t": "app.title",
            "en": "feichuan",
            "zh-cn": "feichuan"
        },
        "description": {
            "_t": "app.description",
            "en": "feichuan",
            "zh-cn": "feichuan"
        },
        "permissions": {
            "httpRequest": [ "*.sogou.com" ]
        },
        "actions": [
            {
                "type": "panel",
                "entryPoints": [
                    "sidebar"
                ],
                "main": "panel.html",
                "allowPin": true,
                "resizable": true,
                "width": {
                    "default": 300,
                    "min": 300
                },
                "height": {
                    "default": 750
                }
            }
        ]
    }
]